{
  "https://portaltest.mtn.ci/assets/i18n/sfx-signature-capture-en.json" : {
    "transaction" : "https://portaltest.mtn.ci/assets/i18n/sfx-signature-capture-en.json",
    "sampleCount" : 10,
    "errorCount" : 0,
    "errorPct" : 0.0,
    "meanResTime" : 513.3,
    "medianResTime" : 439.5,
    "minResTime" : 255.0,
    "maxResTime" : 851.0,
    "pct1ResTime" : 844.7,
    "pct2ResTime" : 851.0,
    "pct3ResTime" : 851.0,
    "throughput" : 2.774694783573807,
    "receivedKBytesPerSec" : 1.6122494103773584,
    "sentKBytesPerSec" : 9.936333761098778
  },
  "https://portaltest.mtn.ci/auth/authenticate/basic" : {
    "transaction" : "https://portaltest.mtn.ci/auth/authenticate/basic",
    "sampleCount" : 10,
    "errorCount" : 0,
    "errorPct" : 0.0,
    "meanResTime" : 3113.7,
    "medianResTime" : 3182.5,
    "minResTime" : 2233.0,
    "maxResTime" : 3695.0,
    "pct1ResTime" : 3687.5,
    "pct2ResTime" : 3695.0,
    "pct3ResTime" : 3695.0,
    "throughput" : 2.3014959723820483,
    "receivedKBytesPerSec" : 7.374226841196778,
    "sentKBytesPerSec" : 8.626114787111623
  },
  "https://portaltest.mtn.ci/assets/i18n/sfx-barcode-scanner-en.json" : {
    "transaction" : "https://portaltest.mtn.ci/assets/i18n/sfx-barcode-scanner-en.json",
    "sampleCount" : 10,
    "errorCount" : 0,
    "errorPct" : 0.0,
    "meanResTime" : 524.9000000000001,
    "medianResTime" : 557.5,
    "minResTime" : 252.0,
    "maxResTime" : 842.0,
    "pct1ResTime" : 838.7,
    "pct2ResTime" : 842.0,
    "pct3ResTime" : 842.0,
    "throughput" : 2.6659557451346307,
    "receivedKBytesPerSec" : 1.1741660557184752,
    "sentKBytesPerSec" : 9.54172637296721
  },
  "https://portaltest.mtn.ci/registration/analytics?panelName=ENROLMENT_TYPE_TREND" : {
    "transaction" : "https://portaltest.mtn.ci/registration/analytics?panelName=ENROLMENT_TYPE_TREND",
    "sampleCount" : 10,
    "errorCount" : 0,
    "errorPct" : 0.0,
    "meanResTime" : 400.4,
    "medianResTime" : 368.5,
    "minResTime" : 335.0,
    "maxResTime" : 745.0,
    "pct1ResTime" : 709.4000000000001,
    "pct2ResTime" : 745.0,
    "pct3ResTime" : 745.0,
    "throughput" : 3.852080123266564,
    "receivedKBytesPerSec" : 20.716216053543913,
    "sentKBytesPerSec" : 13.94121966486903
  },
  "https://portaltest.mtn.ci/assets/i18n/sfx-verified-field-en.json" : {
    "transaction" : "https://portaltest.mtn.ci/assets/i18n/sfx-verified-field-en.json",
    "sampleCount" : 10,
    "errorCount" : 0,
    "errorPct" : 0.0,
    "meanResTime" : 1299.3000000000002,
    "medianResTime" : 1192.5,
    "minResTime" : 859.0,
    "maxResTime" : 2153.0,
    "pct1ResTime" : 2151.2,
    "pct2ResTime" : 2153.0,
    "pct3ResTime" : 2153.0,
    "throughput" : 1.3852334118298935,
    "receivedKBytesPerSec" : 25.17634670660756,
    "sentKBytesPerSec" : 4.956538301703837
  },
  "login" : {
    "transaction" : "login",
    "sampleCount" : 10,
    "errorCount" : 0,
    "errorPct" : 0.0,
    "meanResTime" : 648.8000000000001,
    "medianResTime" : 655.0,
    "minResTime" : 330.0,
    "maxResTime" : 1112.0,
    "pct1ResTime" : 1098.5,
    "pct2ResTime" : 1112.0,
    "pct3ResTime" : 1112.0,
    "throughput" : 2.9154518950437316,
    "receivedKBytesPerSec" : 15.283345481049562,
    "sentKBytesPerSec" : 10.466016763848396
  },
  "https://portaltest.mtn.ci/platform-user/role-group/list?pageNo=1&pageSize=10" : {
    "transaction" : "https://portaltest.mtn.ci/platform-user/role-group/list?pageNo=1&pageSize=10",
    "sampleCount" : 10,
    "errorCount" : 0,
    "errorPct" : 0.0,
    "meanResTime" : 648.8000000000001,
    "medianResTime" : 655.0,
    "minResTime" : 330.0,
    "maxResTime" : 1112.0,
    "pct1ResTime" : 1098.5,
    "pct2ResTime" : 1112.0,
    "pct3ResTime" : 1112.0,
    "throughput" : 2.9154518950437316,
    "receivedKBytesPerSec" : 15.283345481049562,
    "sentKBytesPerSec" : 10.466016763848396
  },
  "https://portaltest.mtn.ci/assets/i18n/sfx-subscriber-reg-details-en.json" : {
    "transaction" : "https://portaltest.mtn.ci/assets/i18n/sfx-subscriber-reg-details-en.json",
    "sampleCount" : 10,
    "errorCount" : 0,
    "errorPct" : 0.0,
    "meanResTime" : 440.20000000000005,
    "medianResTime" : 375.5,
    "minResTime" : 263.0,
    "maxResTime" : 851.0,
    "pct1ResTime" : 827.8000000000001,
    "pct2ResTime" : 851.0,
    "pct3ResTime" : 851.0,
    "throughput" : 2.7685492801771874,
    "receivedKBytesPerSec" : 14.045521006367663,
    "sentKBytesPerSec" : 9.927844684385382
  },
  "https://portaltest.mtn.ci/assets/i18n/sfx-searchable-dropdown-en.json" : {
    "transaction" : "https://portaltest.mtn.ci/assets/i18n/sfx-searchable-dropdown-en.json",
    "sampleCount" : 10,
    "errorCount" : 0,
    "errorPct" : 0.0,
    "meanResTime" : 543.1999999999999,
    "medianResTime" : 517.5,
    "minResTime" : 263.0,
    "maxResTime" : 944.0,
    "pct1ResTime" : 935.3000000000001,
    "pct2ResTime" : 944.0,
    "pct3ResTime" : 944.0,
    "throughput" : 2.592016588906169,
    "receivedKBytesPerSec" : 0.9821312856402281,
    "sentKBytesPerSec" : 9.287215688180405
  },
  "https://portaltest.mtn.ci/platform-user/roles/list" : {
    "transaction" : "https://portaltest.mtn.ci/platform-user/roles/list",
    "sampleCount" : 10,
    "errorCount" : 10,
    "errorPct" : 100.0,
    "meanResTime" : 548.2,
    "medianResTime" : 547.0,
    "minResTime" : 268.0,
    "maxResTime" : 851.0,
    "pct1ResTime" : 846.8,
    "pct2ResTime" : 851.0,
    "pct3ResTime" : 851.0,
    "throughput" : 2.775464890369137,
    "receivedKBytesPerSec" : 0.8646223633083541,
    "sentKBytesPerSec" : 9.893014501804052
  },
  "Test" : {
    "transaction" : "Test",
    "sampleCount" : 10,
    "errorCount" : 0,
    "errorPct" : 0.0,
    "meanResTime" : 8087.9,
    "medianResTime" : 7959.0,
    "minResTime" : 6952.0,
    "maxResTime" : 9596.0,
    "pct1ResTime" : 9544.0,
    "pct2ResTime" : 9596.0,
    "pct3ResTime" : 9596.0,
    "throughput" : 1.0224948875255624,
    "receivedKBytesPerSec" : 34.723886439161554,
    "sentKBytesPerSec" : 41.371101738241315
  },
  "https://portaltest.mtn.ci/assets/i18n/sfx-otp-verification-en.json" : {
    "transaction" : "https://portaltest.mtn.ci/assets/i18n/sfx-otp-verification-en.json",
    "sampleCount" : 10,
    "errorCount" : 0,
    "errorPct" : 0.0,
    "meanResTime" : 792.7,
    "medianResTime" : 857.5,
    "minResTime" : 266.0,
    "maxResTime" : 1081.0,
    "pct1ResTime" : 1078.7,
    "pct2ResTime" : 1081.0,
    "pct3ResTime" : 1081.0,
    "throughput" : 2.3255813953488373,
    "receivedKBytesPerSec" : 2.152979651162791,
    "sentKBytesPerSec" : 8.32576308139535
  },
  "https://portaltest.mtn.ci/assets/i18n/sfx-subscriber-reg-panel-en.json" : {
    "transaction" : "https://portaltest.mtn.ci/assets/i18n/sfx-subscriber-reg-panel-en.json",
    "sampleCount" : 10,
    "errorCount" : 0,
    "errorPct" : 0.0,
    "meanResTime" : 438.0,
    "medianResTime" : 315.5,
    "minResTime" : 287.0,
    "maxResTime" : 809.0,
    "pct1ResTime" : 805.5,
    "pct2ResTime" : 809.0,
    "pct3ResTime" : 809.0,
    "throughput" : 2.8401022436807724,
    "receivedKBytesPerSec" : 5.81888135472877,
    "sentKBytesPerSec" : 10.178882064754331
  },
  "https://portaltest.mtn.ci/registration/analytics?panelName=REGISTRATION_SUMMARY" : {
    "transaction" : "https://portaltest.mtn.ci/registration/analytics?panelName=REGISTRATION_SUMMARY",
    "sampleCount" : 10,
    "errorCount" : 0,
    "errorPct" : 0.0,
    "meanResTime" : 348.90000000000003,
    "medianResTime" : 347.0,
    "minResTime" : 310.0,
    "maxResTime" : 421.0,
    "pct1ResTime" : 416.90000000000003,
    "pct2ResTime" : 421.0,
    "pct3ResTime" : 421.0,
    "throughput" : 4.422821760283061,
    "receivedKBytesPerSec" : 19.12956794559929,
    "sentKBytesPerSec" : 16.006813909774436
  },
  "https://portaltest.mtn.ci/assets/i18n/sfx-fingerprint-en.json" : {
    "transaction" : "https://portaltest.mtn.ci/assets/i18n/sfx-fingerprint-en.json",
    "sampleCount" : 10,
    "errorCount" : 0,
    "errorPct" : 0.0,
    "meanResTime" : 1735.4,
    "medianResTime" : 1676.0,
    "minResTime" : 909.0,
    "maxResTime" : 2388.0,
    "pct1ResTime" : 2382.5,
    "pct2ResTime" : 2388.0,
    "pct3ResTime" : 2388.0,
    "throughput" : 1.3121637580370031,
    "receivedKBytesPerSec" : 62.758332239863535,
    "sentKBytesPerSec" : 4.691241716966277
  },
  "https://portaltest.mtn.ci/assets/i18n/sfx-form-preview-en.json" : {
    "transaction" : "https://portaltest.mtn.ci/assets/i18n/sfx-form-preview-en.json",
    "sampleCount" : 10,
    "errorCount" : 0,
    "errorPct" : 0.0,
    "meanResTime" : 1180.9,
    "medianResTime" : 1123.5,
    "minResTime" : 763.0,
    "maxResTime" : 1873.0,
    "pct1ResTime" : 1822.7000000000003,
    "pct2ResTime" : 1873.0,
    "pct3ResTime" : 1873.0,
    "throughput" : 1.2827090815802975,
    "receivedKBytesPerSec" : 66.92634844792201,
    "sentKBytesPerSec" : 4.587188141354541
  },
  "https://portaltest.mtn.ci/assets/i18n/sfx-form-builder-en.json" : {
    "transaction" : "https://portaltest.mtn.ci/assets/i18n/sfx-form-builder-en.json",
    "sampleCount" : 10,
    "errorCount" : 0,
    "errorPct" : 0.0,
    "meanResTime" : 806.0999999999999,
    "medianResTime" : 632.0,
    "minResTime" : 377.0,
    "maxResTime" : 2135.0,
    "pct1ResTime" : 2025.5000000000005,
    "pct2ResTime" : 2135.0,
    "pct3ResTime" : 2135.0,
    "throughput" : 1.8162005085361426,
    "receivedKBytesPerSec" : 73.28120743280058,
    "sentKBytesPerSec" : 6.49504517798765
  },
  "https://portaltest.mtn.ci/registration/analytics?panelName=MANAGER_PERFORMANCE" : {
    "transaction" : "https://portaltest.mtn.ci/registration/analytics?panelName=MANAGER_PERFORMANCE",
    "sampleCount" : 10,
    "errorCount" : 0,
    "errorPct" : 0.0,
    "meanResTime" : 356.09999999999997,
    "medianResTime" : 325.5,
    "minResTime" : 293.0,
    "maxResTime" : 544.0,
    "pct1ResTime" : 533.9000000000001,
    "pct2ResTime" : 544.0,
    "pct3ResTime" : 544.0,
    "throughput" : 3.4891835310537336,
    "receivedKBytesPerSec" : 13.305919617934403,
    "sentKBytesPerSec" : 12.62443845952547
  },
  "https://portaltest.mtn.ci/assets/i18n/sfx-form-view-en.json" : {
    "transaction" : "https://portaltest.mtn.ci/assets/i18n/sfx-form-view-en.json",
    "sampleCount" : 10,
    "errorCount" : 0,
    "errorPct" : 0.0,
    "meanResTime" : 399.2,
    "medianResTime" : 301.5,
    "minResTime" : 271.0,
    "maxResTime" : 858.0,
    "pct1ResTime" : 836.9000000000001,
    "pct2ResTime" : 858.0,
    "pct3ResTime" : 858.0,
    "throughput" : 3.026634382566586,
    "receivedKBytesPerSec" : 4.469014830508475,
    "sentKBytesPerSec" : 10.81489766192494
  },
  "https://portaltest.mtn.ci/platform-user/role-group" : {
    "transaction" : "https://portaltest.mtn.ci/platform-user/role-group",
    "sampleCount" : 10,
    "errorCount" : 10,
    "errorPct" : 100.0,
    "meanResTime" : 551.9,
    "medianResTime" : 512.0,
    "minResTime" : 279.0,
    "maxResTime" : 851.0,
    "pct1ResTime" : 851.0,
    "pct2ResTime" : 851.0,
    "pct3ResTime" : 851.0,
    "throughput" : 3.0553009471432935,
    "receivedKBytesPerSec" : 0.9517978536510846,
    "sentKBytesPerSec" : 11.212715780629392
  },
  "https://portaltest.mtn.ci/registration/analytics?panelName=REGISTRATION_USE_CASES" : {
    "transaction" : "https://portaltest.mtn.ci/registration/analytics?panelName=REGISTRATION_USE_CASES",
    "sampleCount" : 10,
    "errorCount" : 0,
    "errorPct" : 0.0,
    "meanResTime" : 343.9,
    "medianResTime" : 340.5,
    "minResTime" : 304.0,
    "maxResTime" : 392.0,
    "pct1ResTime" : 389.0,
    "pct2ResTime" : 392.0,
    "pct3ResTime" : 392.0,
    "throughput" : 4.595588235294118,
    "receivedKBytesPerSec" : 14.617022346047793,
    "sentKBytesPerSec" : 16.641055836397058
  },
  "https://portaltest.mtn.ci/registration/analytics?panelName=STATUS_TREND" : {
    "transaction" : "https://portaltest.mtn.ci/registration/analytics?panelName=STATUS_TREND",
    "sampleCount" : 10,
    "errorCount" : 0,
    "errorPct" : 0.0,
    "meanResTime" : 351.99999999999994,
    "medianResTime" : 324.0,
    "minResTime" : 281.0,
    "maxResTime" : 543.0,
    "pct1ResTime" : 528.2,
    "pct2ResTime" : 543.0,
    "pct3ResTime" : 543.0,
    "throughput" : 3.779289493575208,
    "receivedKBytesPerSec" : 13.781120086923659,
    "sentKBytesPerSec" : 13.648254440665156
  },
  "https://jsonip.com/" : {
    "transaction" : "https://jsonip.com/",
    "sampleCount" : 10,
    "errorCount" : 0,
    "errorPct" : 0.0,
    "meanResTime" : 1490.2,
    "medianResTime" : 1239.5,
    "minResTime" : 749.0,
    "maxResTime" : 3372.0,
    "pct1ResTime" : 3251.0000000000005,
    "pct2ResTime" : 3372.0,
    "pct3ResTime" : 3372.0,
    "throughput" : 2.6062027625749282,
    "receivedKBytesPerSec" : 2.0895434258535315,
    "sentKBytesPerSec" : 1.3260074602554077
  },
  "https://portaltest.mtn.ci/assets/i18n/en.json" : {
    "transaction" : "https://portaltest.mtn.ci/assets/i18n/en.json",
    "sampleCount" : 10,
    "errorCount" : 0,
    "errorPct" : 0.0,
    "meanResTime" : 1831.6000000000001,
    "medianResTime" : 1679.5,
    "minResTime" : 695.0,
    "maxResTime" : 3083.0,
    "pct1ResTime" : 3079.4,
    "pct2ResTime" : 3083.0,
    "pct3ResTime" : 3083.0,
    "throughput" : 1.6173378618793468,
    "receivedKBytesPerSec" : 60.59804858078603,
    "sentKBytesPerSec" : 5.757027838427947
  },
  "https://portaltest.mtn.ci/registration/analytics?panelName=OPERATORS_AND_DEVICE_SUMMARY" : {
    "transaction" : "https://portaltest.mtn.ci/registration/analytics?panelName=OPERATORS_AND_DEVICE_SUMMARY",
    "sampleCount" : 10,
    "errorCount" : 0,
    "errorPct" : 0.0,
    "meanResTime" : 342.9,
    "medianResTime" : 333.5,
    "minResTime" : 306.0,
    "maxResTime" : 400.0,
    "pct1ResTime" : 398.6,
    "pct2ResTime" : 400.0,
    "pct3ResTime" : 400.0,
    "throughput" : 4.614674665436087,
    "receivedKBytesPerSec" : 22.86607348869405,
    "sentKBytesPerSec" : 16.737208698661746
  },
  "https://portaltest.mtn.ci/registration/analytics?panelName=OPERATOR_PERFORMANCE" : {
    "transaction" : "https://portaltest.mtn.ci/registration/analytics?panelName=OPERATOR_PERFORMANCE",
    "sampleCount" : 10,
    "errorCount" : 0,
    "errorPct" : 0.0,
    "meanResTime" : 389.1,
    "medianResTime" : 335.5,
    "minResTime" : 304.0,
    "maxResTime" : 610.0,
    "pct1ResTime" : 606.5,
    "pct2ResTime" : 610.0,
    "pct3ResTime" : 610.0,
    "throughput" : 3.5398230088495577,
    "receivedKBytesPerSec" : 13.75829646017699,
    "sentKBytesPerSec" : 12.811117256637168
  },
  "https://portaltest.mtn.ci/assets/i18n/sfx-custom-table-en.json" : {
    "transaction" : "https://portaltest.mtn.ci/assets/i18n/sfx-custom-table-en.json",
    "sampleCount" : 10,
    "errorCount" : 0,
    "errorPct" : 0.0,
    "meanResTime" : 489.9,
    "medianResTime" : 440.0,
    "minResTime" : 287.0,
    "maxResTime" : 851.0,
    "pct1ResTime" : 850.1,
    "pct2ResTime" : 851.0,
    "pct3ResTime" : 851.0,
    "throughput" : 2.523977788995457,
    "receivedKBytesPerSec" : 1.3063556915699142,
    "sentKBytesPerSec" : 9.026178382130237
  },
  "Select role" : {
    "transaction" : "Select role",
    "sampleCount" : 10,
    "errorCount" : 10,
    "errorPct" : 100.0,
    "meanResTime" : 551.9,
    "medianResTime" : 512.0,
    "minResTime" : 279.0,
    "maxResTime" : 851.0,
    "pct1ResTime" : 851.0,
    "pct2ResTime" : 851.0,
    "pct3ResTime" : 851.0,
    "throughput" : 3.0553009471432935,
    "receivedKBytesPerSec" : 0.9517978536510846,
    "sentKBytesPerSec" : 11.212715780629392
  },
  "https://portaltest.mtn.ci/assets/i18n/sfx-portrait-capture-en.json" : {
    "transaction" : "https://portaltest.mtn.ci/assets/i18n/sfx-portrait-capture-en.json",
    "sampleCount" : 10,
    "errorCount" : 0,
    "errorPct" : 0.0,
    "meanResTime" : 1167.3000000000002,
    "medianResTime" : 1018.0,
    "minResTime" : 685.0,
    "maxResTime" : 2036.0,
    "pct1ResTime" : 2016.0,
    "pct2ResTime" : 2036.0,
    "pct3ResTime" : 2036.0,
    "throughput" : 1.349345567399811,
    "receivedKBytesPerSec" : 45.346708018486034,
    "sentKBytesPerSec" : 4.830762548913777
  },
  "Total" : {
    "transaction" : "Total",
    "sampleCount" : 290,
    "errorCount" : 20,
    "errorPct" : 6.8965516,
    "meanResTime" : 758.5793103448274,
    "medianResTime" : 440.5,
    "minResTime" : 249.0,
    "maxResTime" : 3695.0,
    "pct1ResTime" : 1716.9000000000024,
    "pct2ResTime" : 2420.849999999999,
    "pct3ResTime" : 3507.159999999997,
    "throughput" : 12.329931972789115,
    "receivedKBytesPerSec" : 119.41715162627551,
    "sentKBytesPerSec" : 43.10078523596939
  },
  "https://portaltest.mtn.ci/api/internationalization/get-user-default-language" : {
    "transaction" : "https://portaltest.mtn.ci/api/internationalization/get-user-default-language",
    "sampleCount" : 30,
    "errorCount" : 0,
    "errorPct" : 0.0,
    "meanResTime" : 316.9,
    "medianResTime" : 292.0,
    "minResTime" : 249.0,
    "maxResTime" : 612.0,
    "pct1ResTime" : 393.8000000000001,
    "pct2ResTime" : 595.5,
    "pct3ResTime" : 612.0,
    "throughput" : 6.302521008403361,
    "receivedKBytesPerSec" : 1.6146106880252102,
    "sentKBytesPerSec" : 22.83432904411765
  },
  "rolegroup" : {
    "transaction" : "rolegroup",
    "sampleCount" : 10,
    "errorCount" : 10,
    "errorPct" : 100.0,
    "meanResTime" : 12710.199999999999,
    "medianResTime" : 12724.5,
    "minResTime" : 11486.0,
    "maxResTime" : 13578.0,
    "pct1ResTime" : 13570.2,
    "pct2ResTime" : 13578.0,
    "pct3ResTime" : 13578.0,
    "throughput" : 0.636983247340595,
    "receivedKBytesPerSec" : 153.73939024778647,
    "sentKBytesPerSec" : 34.17564414930887
  }
}